,name,abbr,score,game_won,game_lost,first_downs,fourth_down_attempts,fourth_down_conversions,fumbles,fumbles_lost,interceptions,net_pass_yards,pass_attempts,pass_completions,pass_touchdowns,pass_yards,penalties,points,rush_attempts,rush_touchdowns,rush_yards,third_down_attempts,third_down_conversions,time_of_possession,times_sacked,total_yards,turnovers,yards_from_penalties,yards_lost_from_sacks,week
0,Detroit Lions,det,21,1,0,19,3,1,2,1,0,250,35,22,1,253,4,20,34,1,118,15,5,1958,1,368,1,63,3,1
0,Kansas City Chiefs,kan,20,0,1,17,1,0,0,0,1,226,39,21,2,226,3,21,23,0,90,14,5,1642,0,316,1,25,0,1
0,Carolina Panthers,car,10,0,1,20,2,0,2,1,2,127,38,20,1,146,9,24,32,0,154,14,5,2081,2,281,3,66,19,1
0,Atlanta Falcons,atl,24,1,0,13,0,0,1,0,0,91,18,15,1,115,6,10,26,2,130,10,2,1519,4,221,0,43,24,1
0,Cincinnati Bengals,cin,3,0,1,6,1,0,0,0,0,67,32,14,0,82,4,24,20,0,75,15,2,1450,2,142,0,20,15,1
0,Cleveland Browns,cle,24,1,0,21,0,0,2,1,1,144,29,16,1,154,5,3,40,1,206,14,4,2150,3,350,2,43,10,1
0,Jacksonville Jaguars,jax,31,1,0,20,3,1,3,1,1,237,32,24,2,241,4,21,35,2,105,12,3,2017,2,342,2,45,4,1
0,Indianapolis Colts,clt,21,0,1,18,5,1,2,2,1,215,39,24,1,223,4,31,26,1,65,12,2,1583,4,280,3,35,8,1
0,Tampa Bay Buccaneers,tam,20,1,0,16,1,1,0,0,0,169,34,21,2,173,3,17,33,0,73,17,6,1839,1,242,0,19,4,1
0,Minnesota Vikings,min,17,0,1,18,0,0,2,2,1,328,44,33,2,344,6,20,17,0,41,14,6,1761,2,369,3,45,16,1
0,Tennessee Titans,oti,15,0,1,16,0,0,0,0,3,181,34,16,0,198,6,16,22,0,104,12,2,1880,3,285,3,45,17,1
0,New Orleans Saints,nor,16,1,0,15,0,0,2,1,1,282,33,23,1,305,7,15,27,0,69,16,7,1720,4,351,2,45,23,1
0,San Francisco 49ers,sfo,30,1,0,22,1,1,3,1,0,203,29,19,2,220,11,7,34,1,188,13,6,2243,3,391,1,85,17,1
0,Pittsburgh Steelers,pit,7,0,1,15,3,1,0,0,2,198,46,31,1,232,6,30,10,0,41,15,5,1357,5,239,2,60,34,1
0,Houston Texans,htx,9,0,1,18,4,1,1,1,0,196,44,28,0,242,9,25,23,0,72,18,7,1745,5,268,1,88,46,1
0,Baltimore Ravens,rav,25,1,0,18,0,0,2,1,1,155,22,17,0,169,13,9,32,3,110,15,8,1855,4,265,2,106,14,1
0,Arizona Cardinals,crd,16,0,1,13,1,0,3,2,0,114,30,21,0,132,9,20,25,0,96,14,4,1716,3,210,2,122,18,1
0,Washington Commanders,was,20,1,0,21,0,0,2,2,1,156,31,19,1,202,8,16,28,1,92,12,4,1884,6,248,3,70,46,1
0,Green Bay Packers,gnb,38,1,0,15,2,1,2,0,0,237,27,15,3,245,9,20,32,1,92,16,9,1757,1,329,0,90,8,1
0,Chicago Bears,chi,20,0,1,22,2,1,1,1,1,189,37,24,1,216,7,38,29,1,122,13,3,1843,4,311,2,61,27,1
0,Las Vegas Raiders,rai,17,1,0,22,1,1,1,0,1,200,26,20,2,200,10,16,29,0,61,11,5,1672,0,261,1,97,0,1
0,Denver Broncos,den,16,0,1,22,0,0,0,0,0,166,34,27,2,177,10,17,22,0,94,11,5,1928,2,260,0,83,11,1
0,Philadelphia Eagles,phi,25,1,0,17,1,0,1,1,0,154,33,22,1,170,5,20,25,0,97,13,4,1848,3,251,1,49,16,1
0,New England Patriots,nwe,20,0,1,24,4,1,2,1,1,306,54,35,3,316,7,25,22,0,76,15,5,1752,2,382,2,50,10,1
0,Miami Dolphins,mia,36,1,0,30,1,1,2,1,1,466,45,28,3,466,6,34,20,1,70,9,4,1639,0,536,2,38,0,1
0,Los Angeles Chargers,sdg,34,0,1,30,1,0,0,0,0,200,33,23,1,229,6,36,40,3,233,15,9,1961,3,433,0,70,29,1
0,Los Angeles Rams,ram,30,1,0,27,1,1,0,0,0,334,38,24,0,334,7,13,40,3,92,17,11,2363,0,426,0,53,0,1
0,Seattle Seahawks,sea,13,0,1,13,0,0,0,0,0,95,26,16,1,112,7,30,18,0,85,9,2,1237,2,180,0,55,17,1
0,Dallas Cowboys,dal,40,1,0,18,2,1,1,0,0,143,25,13,0,143,5,0,30,3,122,13,6,1592,0,265,0,35,0,1
0,New York Giants,nyg,0,0,1,14,5,3,5,1,2,63,30,17,0,110,6,40,28,0,108,16,5,2008,7,171,3,72,47,1
0,Buffalo Bills,buf,16,0,1,19,0,0,2,1,3,217,41,29,1,236,5,22,22,0,97,13,5,1988,5,314,4,40,19,1
0,New York Jets,nyj,22,1,0,13,1,1,1,0,1,117,22,14,1,140,2,16,28,0,172,13,5,1670,3,289,1,10,23,1
0,Minnesota Vikings,min,28,0,1,19,1,1,4,4,0,346,44,31,4,364,2,34,9,0,28,10,6,1232,2,374,4,15,18,2
0,Philadelphia Eagles,phi,34,1,0,24,1,1,1,0,1,171,23,18,1,193,7,28,48,3,259,14,6,2368,4,430,1,45,22,2
0,Green Bay Packers,gnb,24,0,1,17,1,0,0,0,0,140,25,14,3,151,7,25,21,0,84,9,3,1425,1,224,0,40,11,2
0,Atlanta Falcons,atl,25,1,0,27,4,3,0,0,1,235,32,19,1,237,6,24,45,1,211,15,6,2175,1,446,1,110,2,2
0,Las Vegas Raiders,rai,10,0,1,13,0,0,1,1,2,185,24,16,1,185,2,38,15,0,55,7,3,1196,0,240,3,30,0,2
0,Buffalo Bills,buf,38,1,0,29,4,3,0,0,0,267,37,31,3,274,4,10,35,2,183,13,7,2404,2,450,0,30,7,2
0,Baltimore Ravens,rav,27,1,0,26,0,0,0,0,0,237,33,24,2,237,6,24,37,1,178,14,9,1984,0,415,0,56,0,2
0,Cincinnati Bengals,cin,24,0,1,19,1,1,0,0,1,216,41,27,2,222,5,27,15,0,66,15,10,1616,1,282,1,30,6,2
0,Seattle Seahawks,sea,37,1,0,28,1,1,0,0,0,311,41,32,2,328,9,31,25,2,82,11,5,2011,1,393,0,80,17,2
0,Detroit Lions,det,31,0,1,25,3,1,2,2,1,316,35,28,3,323,4,37,27,1,102,11,6,1848,2,418,3,24,7,2
0,Indianapolis Colts,clt,31,1,0,19,0,0,1,0,0,227,33,25,1,227,8,20,23,3,126,12,6,1502,0,353,0,42,0,2
0,Houston Texans,htx,20,0,1,24,2,2,3,1,0,337,47,30,2,384,3,31,26,0,52,19,9,2098,6,389,1,20,47,2
0,Kansas City Chiefs,kan,17,1,0,19,2,2,4,2,1,298,41,29,2,305,12,9,22,0,101,13,4,1909,1,399,3,94,7,2
0,Jacksonville Jaguars,jax,9,0,1,18,2,0,3,1,0,197,42,23,0,215,2,17,18,0,74,12,3,1691,4,271,1,10,18,2
0,Los Angeles Chargers,sdg,24,0,1,19,3,3,0,0,0,281,41,27,2,305,4,27,21,0,61,14,2,1689,3,342,0,43,24,2
0,Tennessee Titans,oti,27,1,0,22,1,0,0,0,0,200,24,20,1,246,7,24,34,2,141,13,6,2209,5,341,0,45,46,2
0,Chicago Bears,chi,17,0,1,14,0,0,2,0,2,169,29,16,1,211,5,27,16,1,67,13,6,1444,6,236,2,28,42,2
0,Tampa Bay Buccaneers,tam,27,1,0,19,1,1,2,0,0,317,34,26,1,317,7,17,34,1,120,15,8,2156,0,437,0,54,0,2
0,New York Giants,nyg,31,1,0,26,1,1,0,0,1,312,37,26,2,321,9,28,27,2,127,12,7,1763,3,439,1,75,9,2
0,Arizona Cardinals,crd,28,0,1,24,0,0,0,0,0,228,31,21,1,228,8,31,29,2,151,10,4,1837,0,379,0,57,0,2
0,San Francisco 49ers,sfo,30,1,0,21,0,0,2,0,0,206,25,17,0,206,6,23,28,3,159,9,2,1609,1,365,0,57,0,2
0,Los Angeles Rams,ram,23,0,1,28,2,1,0,0,2,297,55,34,1,307,6,30,22,1,89,14,7,1991,1,386,2,55,10,2
0,New York Jets,nyj,10,0,1,12,1,1,1,1,3,151,27,12,1,170,5,30,16,0,64,10,1,1065,3,215,4,29,19,2
0,Dallas Cowboys,dal,30,1,0,26,0,0,1,0,0,248,38,31,2,255,6,10,44,0,134,18,9,2535,1,382,0,38,7,2
0,Washington Commanders,was,35,1,0,26,1,1,2,0,0,266,39,27,2,299,8,33,23,2,122,10,3,2025,4,388,0,71,33,2
0,Denver Broncos,den,33,0,1,21,2,2,1,1,1,277,32,18,3,308,9,35,23,1,122,12,4,1575,7,399,2,58,31,2
0,Miami Dolphins,mia,24,1,0,22,0,0,2,0,1,244,30,21,1,249,6,17,30,2,145,10,4,1819,1,389,1,46,5,2
0,New England Patriots,nwe,17,0,1,23,2,1,1,1,1,200,42,31,1,231,5,24,25,1,88,15,7,1781,4,288,2,45,31,2
0,New Orleans Saints,nor,20,1,0,23,0,0,0,0,1,207,37,22,0,236,3,17,33,2,134,16,7,1969,4,341,1,32,29,2
0,Carolina Panthers,car,17,0,1,14,1,1,1,1,0,139,33,22,1,153,6,20,19,0,100,14,4,1631,4,239,1,35,14,2
0,Cleveland Browns,cle,22,0,1,20,2,0,4,3,1,210,40,22,1,235,8,26,35,1,198,16,5,2128,6,408,4,81,25,2
0,Pittsburgh Steelers,pit,26,1,0,9,0,0,1,1,1,200,30,15,1,222,5,22,21,0,55,14,4,1472,2,255,2,31,22,2
0,New York Giants,nyg,12,0,1,10,0,0,0,0,1,121,33,22,0,137,6,30,11,1,29,12,3,1250,2,150,1,37,16,3
0,San Francisco 49ers,sfo,30,1,0,26,0,0,1,0,0,300,37,25,2,310,6,12,39,1,141,16,9,2350,2,441,0,71,10,3
0,Tennessee Titans,oti,3,0,1,6,1,1,1,0,0,68,25,13,0,104,8,27,15,0,26,12,2,1291,5,94,0,80,36,3
0,Cleveland Browns,cle,27,1,0,23,1,1,3,1,0,263,33,27,2,289,5,3,31,1,78,13,6,2309,3,341,1,46,26,3
0,Atlanta Falcons,atl,6,0,1,16,1,0,1,1,0,139,38,21,0,201,4,20,20,0,44,14,4,1623,7,183,1,24,62,3
0,Detroit Lions,det,20,1,0,18,0,0,0,0,1,243,33,22,1,243,10,6,31,1,115,14,4,1977,0,358,1,119,0,3
0,New Orleans Saints,nor,17,0,1,15,1,1,0,0,0,175,34,23,1,204,7,18,22,0,77,14,4,1645,4,252,0,102,29,3
0,Green Bay Packers,gnb,18,1,0,21,3,1,1,0,1,245,44,22,1,259,11,17,26,1,95,18,8,1955,1,340,1,90,14,3
0,Houston Texans,htx,37,1,0,15,0,0,0,0,0,280,30,20,2,280,8,17,26,1,86,15,9,1677,0,366,0,75,0,3
0,Jacksonville Jaguars,jax,17,0,1,22,1,0,1,1,1,288,42,29,1,288,6,37,27,1,116,13,5,1923,0,404,2,49,0,3
0,Denver Broncos,den,20,0,1,16,1,0,3,2,1,294,38,23,1,306,7,70,20,0,69,12,3,1599,1,363,3,46,12,3
0,Miami Dolphins,mia,70,1,0,30,3,1,0,0,0,376,28,25,5,376,6,20,43,5,350,9,5,2001,0,726,0,55,0,3
0,Los Angeles Chargers,sdg,28,1,0,24,2,1,4,1,0,445,48,41,4,454,12,24,15,0,30,11,5,1607,1,475,1,94,9,3
0,Minnesota Vikings,min,24,0,1,29,3,2,1,1,1,345,50,32,3,367,6,28,24,0,130,14,4,1993,4,475,2,45,22,3
0,New England Patriots,nwe,15,1,0,17,0,0,0,0,0,201,29,15,1,201,6,10,40,0,157,19,8,1912,0,358,0,43,0,3
0,New York Jets,nyj,10,0,1,12,2,1,1,0,0,133,36,18,0,157,3,15,22,1,38,14,2,1688,3,171,0,15,24,3
0,Indianapolis Colts,clt,22,1,0,19,1,0,1,0,0,188,44,27,1,227,6,19,35,0,139,22,8,2193,5,327,0,31,39,3
0,Baltimore Ravens,rav,19,0,1,20,1,0,4,2,0,178,31,22,0,202,1,22,37,2,186,16,6,1938,4,364,2,5,24,3
0,Buffalo Bills,buf,37,1,0,20,1,0,0,0,1,218,32,20,1,218,6,3,33,2,168,15,9,2079,0,386,1,45,0,3
0,Washington Commanders,was,3,0,1,15,1,0,1,1,4,125,29,19,0,170,2,37,13,0,105,9,1,1521,9,230,5,15,45,3
0,Carolina Panthers,car,27,0,1,23,1,0,0,0,0,334,58,34,2,361,13,37,14,1,44,19,10,1772,3,378,0,82,27,3
0,Seattle Seahawks,sea,37,1,0,27,1,1,0,0,1,279,36,23,1,296,8,27,33,2,146,13,3,1828,2,425,1,82,17,3
0,Dallas Cowboys,dal,16,0,1,26,1,0,0,0,1,231,40,25,1,249,13,28,33,0,185,16,9,2073,2,416,1,107,18,3
0,Arizona Cardinals,crd,28,1,0,20,0,0,0,0,0,178,21,17,1,189,8,16,30,2,222,10,5,1527,2,400,0,69,11,3
0,Chicago Bears,chi,10,0,1,11,2,1,1,1,1,87,22,11,1,99,6,41,26,0,116,12,4,1427,3,203,2,32,12,3
0,Kansas City Chiefs,kan,41,1,0,31,0,0,0,0,2,303,38,27,3,303,3,10,37,2,153,14,10,2173,0,456,2,15,0,3
0,Pittsburgh Steelers,pit,23,1,0,17,0,0,0,0,0,228,28,16,2,235,6,18,31,0,105,15,6,1803,1,333,0,45,7,3
0,Las Vegas Raiders,rai,18,0,1,19,2,1,1,0,3,293,44,28,2,324,7,23,19,0,69,13,4,1797,4,362,3,60,31,3
0,Philadelphia Eagles,phi,25,1,0,27,3,2,0,0,2,271,37,23,1,277,3,11,40,1,201,16,10,2335,1,472,2,20,6,3
0,Tampa Bay Buccaneers,tam,11,0,1,12,0,0,2,1,1,133,25,15,1,146,4,25,17,0,41,10,5,1265,2,174,2,20,13,3
0,Los Angeles Rams,ram,16,0,1,15,1,1,0,0,2,221,33,18,1,269,4,19,13,0,71,11,1,1440,6,292,2,28,48,3
0,Cincinnati Bengals,cin,19,1,0,19,1,1,0,0,1,242,49,26,0,259,7,16,23,1,67,17,5,2160,2,309,1,49,17,3
0,Detroit Lions,det,34,1,0,25,2,2,0,0,1,190,28,19,1,210,8,20,43,3,211,17,7,2278,2,401,1,70,20,4
0,Green Bay Packers,gnb,20,0,1,15,1,1,2,0,2,203,36,23,1,246,4,34,12,1,27,11,3,1322,5,230,2,31,43,4
0,Atlanta Falcons,atl,7,0,1,17,1,0,1,1,2,160,31,19,1,191,3,23,22,0,127,12,6,1629,4,287,3,50,31,4
0,Jacksonville Jaguars,jax,23,1,0,16,2,1,2,0,0,195,30,23,1,207,3,7,32,0,105,14,5,1971,2,300,0,25,12,4
0,Miami Dolphins,mia,20,0,1,20,3,0,4,1,1,251,35,25,1,282,8,48,19,2,142,10,3,1778,4,393,2,98,31,4
0,Buffalo Bills,buf,48,1,0,24,0,0,0,0,0,310,25,21,4,320,4,20,29,2,104,10,5,1822,2,414,0,20,10,4
0,Minnesota Vikings,min,21,1,0,14,2,1,1,0,2,130,19,12,2,139,7,13,23,0,135,8,1,1291,2,265,2,37,9,4
0,Carolina Panthers,car,13,0,1,20,3,2,2,1,0,149,32,25,0,204,6,21,31,0,83,14,5,2309,5,232,1,80,55,4
0,Denver Broncos,den,31,1,0,17,0,0,0,0,0,214,28,21,3,223,7,28,19,0,97,11,6,1571,1,311,0,39,9,4
0,Chicago Bears,chi,28,0,1,26,3,1,1,1,1,300,35,28,4,335,10,31,31,0,171,12,6,2029,4,471,2,91,35,4
0,Baltimore Ravens,rav,28,1,0,16,1,1,2,1,0,165,19,15,2,186,8,3,33,2,131,12,4,1790,3,296,1,92,21,4
0,Cleveland Browns,cle,3,0,1,13,1,1,1,0,3,73,36,19,0,121,7,28,25,0,93,16,4,1810,4,166,3,42,48,4
0,Los Angeles Rams,ram,29,1,0,27,1,1,1,0,1,303,40,27,1,319,8,23,36,2,164,15,6,2386,2,467,1,85,16,4
0,Indianapolis Colts,clt,23,0,1,19,2,1,2,1,0,196,25,11,2,200,8,29,31,1,133,10,3,1465,2,329,1,80,4,4
0,Pittsburgh Steelers,pit,6,0,1,12,1,0,2,0,1,111,28,18,0,132,2,30,25,0,114,14,6,1645,3,225,1,18,21,4
0,Houston Texans,htx,30,1,0,24,1,0,2,0,0,312,31,17,3,312,8,6,38,0,139,12,6,1955,0,451,0,63,0,4
0,Tampa Bay Buccaneers,tam,26,1,0,21,0,0,0,0,1,239,33,25,3,246,11,9,33,0,114,15,8,1871,1,353,1,91,7,4
0,New Orleans Saints,nor,9,0,1,16,2,1,2,2,1,127,39,24,0,140,7,26,19,0,70,14,5,1729,3,197,3,58,13,4
0,Cincinnati Bengals,cin,3,0,1,14,1,0,2,1,0,139,30,20,0,165,5,27,18,0,72,9,2,1515,3,211,1,40,26,4
0,Tennessee Titans,oti,27,1,0,23,1,1,3,0,1,227,26,19,2,242,5,3,33,1,173,13,8,2085,3,400,1,27,15,4
0,Washington Commanders,was,31,0,1,26,2,2,2,0,0,258,41,29,1,290,7,34,28,2,107,17,8,2107,5,365,0,41,32,4
0,Philadelphia Eagles,phi,34,1,0,23,2,2,1,0,0,311,37,25,2,319,11,31,27,1,104,12,4,1855,3,415,0,81,8,4
0,Las Vegas Raiders,rai,17,0,1,22,3,3,3,2,1,188,39,24,0,238,9,24,23,2,76,11,1,1971,7,264,3,80,50,4
0,Los Angeles Chargers,sdg,24,1,0,16,2,1,1,0,1,150,24,13,1,167,4,17,37,2,155,14,5,1629,2,305,1,34,17,4
0,New England Patriots,nwe,3,0,1,10,2,0,1,1,2,200,30,16,0,207,6,38,23,0,53,13,4,1491,2,253,3,50,7,4
0,Dallas Cowboys,dal,38,1,0,22,1,0,2,0,0,253,36,30,1,281,5,3,30,1,124,15,8,2109,3,377,0,32,28,4
0,Arizona Cardinals,crd,16,0,1,23,3,2,1,0,0,257,41,28,2,265,9,35,25,0,105,15,8,1846,1,362,0,55,8,4
0,San Francisco 49ers,sfo,35,1,0,30,1,1,0,0,0,271,21,20,1,283,4,16,31,4,124,5,3,1754,1,395,0,21,12,4
0,Kansas City Chiefs,kan,23,1,0,24,0,0,1,0,2,197,30,18,1,203,5,20,35,1,204,12,7,1929,1,401,2,46,6,4
0,New York Jets,nyj,20,0,1,18,0,0,2,1,0,228,39,28,2,245,7,23,16,0,108,12,5,1671,2,336,1,42,17,4
0,Seattle Seahawks,sea,24,1,0,13,2,0,0,0,0,160,26,15,1,173,8,3,23,1,121,12,3,1440,2,281,0,74,13,4
0,New York Giants,nyg,3,0,1,17,4,2,3,1,2,136,34,27,0,203,6,24,29,0,112,16,6,2160,11,248,3,45,67,4
0,Chicago Bears,chi,40,1,0,18,1,1,1,0,0,273,29,15,4,282,3,20,32,0,178,15,7,1804,3,451,0,35,9,5
0,Washington Commanders,was,20,0,1,23,1,0,1,1,1,359,51,37,2,388,1,40,10,0,29,12,6,1796,5,388,2,5,29,5
0,Jacksonville Jaguars,jax,25,1,0,29,0,0,4,2,0,278,37,25,1,315,8,20,40,2,196,18,10,2292,5,474,2,56,37,5
0,Buffalo Bills,buf,20,0,1,18,0,0,2,1,1,359,40,27,2,359,11,25,14,1,29,12,5,1308,0,388,2,109,0,5
0,Houston Texans,htx,19,0,1,17,0,0,0,0,0,249,35,20,1,249,5,21,23,0,64,13,4,1468,0,313,0,25,0,5
0,Atlanta Falcons,atl,21,1,0,26,0,0,3,2,0,351,38,29,1,351,7,19,36,1,96,14,7,2132,0,447,2,55,0,5
0,Tennessee Titans,oti,16,0,1,19,2,1,0,0,1,259,35,23,0,264,4,23,22,1,89,12,5,1737,1,348,1,58,5,5
0,Indianapolis Colts,clt,23,1,0,21,1,0,1,0,0,236,26,20,0,253,8,16,34,2,193,13,8,1863,1,429,0,55,17,5
0,Carolina Panthers,car,24,0,1,26,1,1,2,1,2,243,41,25,3,247,7,42,23,0,99,10,5,1725,1,342,3,45,4,5
0,Detroit Lions,det,42,1,0,23,2,1,0,0,0,218,28,20,3,236,5,24,30,3,159,10,4,1875,2,377,0,35,18,5
0,New York Giants,nyg,16,0,1,15,2,1,1,0,0,183,32,23,0,205,6,31,29,0,85,17,5,2159,7,268,0,43,22,5
0,Miami Dolphins,mia,31,1,0,22,0,0,2,1,2,302,30,22,2,308,6,16,23,2,222,8,3,1441,1,524,3,43,6,5
0,New Orleans Saints,nor,34,1,0,17,0,0,0,0,0,168,26,18,2,183,12,0,42,1,136,15,5,2374,2,304,0,86,15,5
0,New England Patriots,nwe,0,0,1,8,2,0,2,1,2,111,31,15,0,132,5,34,18,0,45,14,1,1226,2,156,3,30,21,5
0,Baltimore Ravens,rav,10,0,1,19,2,0,4,2,1,210,38,22,0,236,2,17,25,1,125,14,5,1814,4,335,3,20,26,5
0,Pittsburgh Steelers,pit,17,1,0,17,0,0,1,1,0,202,32,18,1,224,3,10,30,0,87,15,6,1786,3,289,1,30,22,5
0,Cincinnati Bengals,cin,34,1,0,27,3,0,1,0,1,287,46,36,3,317,4,20,30,0,93,14,5,2290,3,380,1,40,30,5
0,Arizona Cardinals,crd,20,0,1,15,3,0,1,1,2,152,32,15,2,166,2,34,22,1,142,11,4,1310,3,294,3,16,14,5
0,Philadelphia Eagles,phi,23,1,0,28,1,0,0,0,1,295,38,25,1,303,3,14,39,1,159,18,13,2275,1,454,1,35,8,5
0,Los Angeles Rams,ram,14,0,1,17,3,2,1,0,0,195,37,21,2,222,5,23,14,0,54,14,6,1325,4,249,0,48,27,5
0,New York Jets,nyj,31,1,0,18,0,0,4,1,1,173,26,19,0,199,9,21,32,1,234,12,3,2076,4,407,2,71,26,5
0,Denver Broncos,den,21,0,1,18,0,0,4,3,0,169,31,20,2,196,4,31,22,0,139,10,4,1524,4,308,3,31,27,5
0,Kansas City Chiefs,kan,27,1,0,21,0,0,0,0,0,266,41,31,2,281,10,20,21,1,67,15,9,1919,2,333,0,86,15,5
0,Minnesota Vikings,min,20,0,1,24,5,4,2,1,0,259,47,29,2,284,4,27,18,0,70,14,6,1681,3,329,1,51,25,5
0,Dallas Cowboys,dal,10,0,1,8,1,0,1,1,3,140,26,16,1,161,6,42,19,0,57,11,4,1375,4,197,4,60,21,5
0,San Francisco 49ers,sfo,42,1,0,25,1,0,1,1,0,251,25,18,4,253,6,10,41,2,170,11,6,2225,1,421,1,45,2,5
0,Green Bay Packers,gnb,13,0,1,18,1,1,0,0,3,175,30,16,0,182,3,17,25,1,110,12,4,1646,2,285,3,18,7,5
0,Las Vegas Raiders,rai,17,1,0,19,1,1,0,0,1,183,31,22,1,208,4,13,29,1,96,13,5,1954,4,279,1,28,25,5
0,Denver Broncos,den,8,0,1,14,1,0,1,1,2,82,22,13,1,95,3,19,23,0,115,10,4,1451,4,197,3,34,13,6
0,Kansas City Chiefs,kan,19,1,0,22,1,0,2,0,1,293,41,30,1,306,7,8,27,0,96,13,4,2149,2,389,1,84,13,6
0,Baltimore Ravens,rav,24,1,0,20,0,0,0,0,1,221,30,21,1,223,9,16,39,0,139,16,8,2142,1,360,1,88,2,6
0,Tennessee Titans,oti,16,0,1,17,0,0,1,1,1,104,21,12,0,150,6,24,19,1,129,9,1,1458,6,233,2,45,46,6
0,Washington Commanders,was,24,1,0,13,1,1,0,0,0,121,23,14,3,151,6,16,22,0,72,10,2,1417,5,193,0,40,30,6
0,Atlanta Falcons,atl,16,0,1,25,3,1,0,0,3,296,47,28,2,307,4,24,29,0,106,15,5,2183,3,402,3,31,11,6
0,Minnesota Vikings,min,19,1,0,12,2,1,3,1,0,174,31,21,1,181,5,13,22,0,46,13,2,1489,2,220,1,63,7,6
0,Chicago Bears,chi,13,0,1,18,1,0,2,1,2,113,24,16,0,141,5,19,36,1,162,14,6,2111,5,275,3,29,28,6
0,Seattle Seahawks,sea,13,0,1,24,2,0,0,0,2,297,41,27,0,326,7,17,25,1,87,12,5,2041,4,384,2,64,29,6
0,Cincinnati Bengals,cin,17,1,0,15,0,0,0,0,1,168,35,24,2,185,5,13,15,0,46,11,3,1559,3,214,1,43,17,6
0,San Francisco 49ers,sfo,17,0,1,15,0,0,1,0,1,107,27,12,1,125,12,19,25,1,108,12,3,1617,3,215,1,105,18,6
0,Cleveland Browns,cle,19,1,0,18,1,1,1,0,2,174,34,18,0,192,13,17,34,1,160,13,3,1983,2,334,2,119,18,6
0,New Orleans Saints,nor,13,0,1,24,2,0,1,1,1,341,51,33,1,357,7,20,25,0,89,15,6,1893,2,430,2,83,16,6
0,Houston Texans,htx,20,1,0,19,0,0,0,0,1,177,27,13,2,199,3,13,31,0,120,11,4,1707,2,297,1,29,22,6
0,Indianapolis Colts,clt,20,0,1,18,6,3,1,1,3,310,55,33,1,329,6,37,17,1,44,17,6,1879,3,354,4,46,19,6
0,Jacksonville Jaguars,jax,37,1,0,17,1,1,0,0,1,148,30,20,2,181,5,20,29,2,85,14,4,1721,3,233,1,25,33,6
0,Carolina Panthers,car,21,0,1,21,4,0,1,0,0,188,39,24,1,224,3,42,25,1,108,14,5,1844,4,296,0,11,36,6
0,Miami Dolphins,mia,42,1,0,23,0,0,1,0,1,262,32,21,3,262,3,21,33,3,162,13,7,1756,0,424,1,25,0,6
0,New England Patriots,nwe,17,0,1,17,0,0,0,0,1,176,33,24,0,200,10,21,19,2,83,12,6,1668,4,259,1,79,24,6
0,Las Vegas Raiders,rai,21,1,0,19,0,0,0,0,1,264,32,20,1,264,6,17,33,0,84,16,8,1932,0,348,1,42,0,6
0,Philadelphia Eagles,phi,14,0,1,24,2,1,1,1,3,268,45,28,1,280,5,20,22,1,80,14,7,1844,2,348,4,46,12,6
0,New York Jets,nyj,20,1,0,17,1,0,0,0,0,155,33,19,0,186,9,14,21,1,89,11,2,1756,5,244,0,68,31,6
0,Arizona Cardinals,crd,9,0,1,20,4,2,1,1,1,215,41,21,0,235,5,26,30,0,130,16,6,1830,2,345,2,36,20,6
0,Los Angeles Rams,ram,26,1,0,17,0,0,1,1,0,203,24,15,1,226,6,9,28,1,179,12,4,1770,3,382,1,59,23,6
0,Detroit Lions,det,20,1,0,19,0,0,1,0,0,340,44,30,2,353,5,6,22,0,40,16,9,2190,3,380,0,35,13,6
0,Tampa Bay Buccaneers,tam,6,0,1,13,2,1,0,0,1,205,37,19,0,206,5,20,16,0,46,12,2,1410,1,251,1,33,1,6
0,New York Giants,nyg,9,0,1,20,2,1,1,0,0,185,36,24,0,200,9,14,34,0,132,19,10,1884,3,317,0,65,15,6
0,Buffalo Bills,buf,14,1,0,22,0,0,1,1,1,169,30,19,2,169,7,9,29,0,128,12,6,1716,0,297,2,51,0,6
0,Dallas Cowboys,dal,20,1,0,20,2,1,1,1,0,246,30,21,1,272,11,17,26,1,96,13,5,1792,5,342,1,85,26,6
0,Los Angeles Chargers,sdg,17,0,1,18,2,1,0,0,1,219,37,22,2,227,9,20,23,0,53,14,5,1808,1,272,1,79,8,6
0,Jacksonville Jaguars,jax,31,1,0,18,2,1,2,2,0,217,30,21,1,217,5,24,26,2,113,11,2,1430,0,330,2,42,0,7
0,New Orleans Saints,nor,24,0,1,25,6,4,1,0,1,295,55,33,1,301,3,31,31,1,112,18,3,2170,1,407,1,34,6,7
0,Las Vegas Raiders,rai,12,0,1,20,2,2,0,0,3,196,45,27,1,204,2,30,14,0,39,9,2,1554,1,235,3,15,8,7
0,Chicago Bears,chi,30,1,0,23,1,0,1,0,0,150,29,21,1,162,9,12,38,2,173,13,8,2046,2,323,0,110,12,7
0,Cleveland Browns,cle,39,1,0,18,2,1,1,0,2,166,37,16,0,183,4,38,33,3,150,16,4,1649,2,316,2,20,17,7
0,Indianapolis Colts,clt,38,0,1,20,0,0,4,3,1,288,23,15,2,305,8,39,40,3,168,15,7,1951,4,456,4,67,17,7
0,Buffalo Bills,buf,25,0,1,24,3,2,1,1,1,258,41,27,2,265,9,29,24,1,81,12,5,1934,1,339,2,46,7,7
0,New England Patriots,nwe,29,1,0,21,0,0,1,1,0,268,30,25,2,272,8,25,24,1,96,9,4,1666,1,364,1,59,4,7
0,Washington Commanders,was,7,0,1,14,3,2,1,0,1,197,42,22,0,249,10,14,19,1,76,15,1,1874,6,273,1,75,52,7
0,New York Giants,nyg,14,1,0,16,0,0,3,2,0,250,29,18,2,279,4,7,32,0,106,16,5,1726,4,356,2,40,29,7
0,Detroit Lions,det,6,0,1,18,6,2,2,0,1,253,53,33,0,284,5,38,14,1,84,16,5,1778,5,337,1,57,31,7
0,Baltimore Ravens,rav,38,1,0,23,1,1,1,1,0,357,28,21,3,357,4,6,27,2,146,8,4,1822,0,503,1,45,0,7
0,Atlanta Falcons,atl,16,1,0,20,0,0,3,3,0,245,25,19,0,250,9,13,38,1,156,13,7,1799,1,401,3,60,5,7
0,Tampa Bay Buccaneers,tam,13,0,1,21,1,0,2,1,1,256,42,27,1,275,9,16,20,0,73,12,6,1801,3,329,2,66,19,7
0,Pittsburgh Steelers,pit,24,1,0,17,1,1,1,0,0,214,25,17,0,230,8,17,29,3,86,12,4,1694,2,300,0,76,16,7
0,Los Angeles Rams,ram,17,0,1,19,0,0,0,0,1,219,29,14,1,231,5,24,31,1,135,16,9,1906,2,354,1,40,12,7
0,Arizona Cardinals,crd,10,0,1,15,3,0,2,0,0,122,34,20,0,150,7,20,25,1,127,15,5,1768,4,249,0,59,28,7
0,Seattle Seahawks,sea,20,1,0,18,0,0,2,2,1,203,24,18,2,219,5,10,32,0,115,13,7,1832,2,318,3,32,16,7
0,Green Bay Packers,gnb,17,0,1,20,2,2,0,0,1,194,32,22,2,194,7,19,29,0,137,14,6,1897,0,331,1,56,0,7
0,Denver Broncos,den,19,1,0,18,1,0,0,0,0,194,29,20,1,194,8,17,25,0,145,12,5,1703,1,339,0,60,0,7
0,Los Angeles Chargers,sdg,17,0,1,16,1,1,0,0,2,219,30,17,1,259,4,31,26,1,139,14,6,1700,5,358,2,43,40,7
0,Kansas City Chiefs,kan,31,1,0,25,0,0,1,1,1,415,42,32,4,424,6,17,21,0,68,11,6,1900,1,483,2,43,9,7
0,Miami Dolphins,mia,17,0,1,12,2,0,1,0,1,199,32,23,1,216,10,31,12,0,45,11,4,1397,4,244,1,70,17,7
0,Philadelphia Eagles,phi,31,1,0,26,4,4,1,1,1,256,31,23,2,279,0,17,34,2,99,12,4,2203,3,355,2,0,23,7
0,San Francisco 49ers,sfo,17,0,1,19,1,1,1,1,2,260,30,21,1,272,5,22,22,1,65,9,5,1504,1,325,3,37,12,7
0,Minnesota Vikings,min,22,1,0,24,0,0,0,0,1,378,45,35,2,378,5,17,21,0,74,13,8,2096,0,452,1,35,0,7
0,Tampa Bay Buccaneers,tam,18,0,1,17,1,1,2,0,0,224,42,25,2,237,11,24,17,0,78,15,4,1683,3,302,0,74,13,8
0,Buffalo Bills,buf,24,1,0,25,1,0,0,0,1,312,40,31,2,324,9,18,26,1,115,13,7,1917,2,427,1,86,12,8
0,Houston Texans,htx,13,0,1,16,1,1,1,1,0,119,24,16,0,140,10,15,30,2,110,12,5,1771,2,229,1,70,21,8
0,Carolina Panthers,car,15,1,0,20,2,1,0,0,0,180,31,22,1,235,3,13,24,0,44,14,5,1829,6,224,0,20,55,8
0,New Orleans Saints,nor,38,1,0,24,0,0,1,1,0,350,29,20,2,354,8,27,36,3,161,12,6,1809,1,511,1,73,4,8
0,Indianapolis Colts,clt,27,0,1,19,1,1,0,0,1,207,41,23,2,213,6,38,24,1,164,16,7,1791,2,371,1,30,6,8
0,Los Angeles Rams,ram,20,0,1,15,2,1,0,0,1,188,32,18,1,204,4,43,24,1,92,13,4,1472,2,280,1,25,16,8
0,Dallas Cowboys,dal,43,1,0,24,1,1,0,0,1,285,34,27,4,307,4,20,26,0,102,12,6,2128,3,387,1,21,22,8
0,Minnesota Vikings,min,24,1,0,24,1,1,1,1,0,284,35,26,2,297,7,10,31,1,62,18,10,2182,3,346,1,35,13,8
0,Green Bay Packers,gnb,10,0,1,16,4,1,2,0,1,196,41,24,1,229,11,24,17,0,74,14,5,1418,4,270,1,99,33,8
0,New England Patriots,nwe,17,0,1,13,2,1,0,0,1,141,29,19,2,161,7,31,19,0,77,9,1,1445,3,218,1,45,20,8
0,Miami Dolphins,mia,31,1,0,24,3,3,1,1,1,312,45,30,3,324,3,17,26,1,78,14,5,2155,2,390,2,25,12,8
0,New York Jets,nyj,13,1,0,12,1,0,2,2,0,193,36,17,1,240,9,10,22,0,58,15,2,1538,4,251,2,85,47,8
0,New York Giants,nyg,10,0,1,12,0,0,2,0,0,-9,14,6,0,7,6,13,52,1,203,19,2,2293,4,194,0,73,16,8
0,Atlanta Falcons,atl,23,0,1,17,2,1,1,1,0,202,34,20,1,246,3,28,26,1,140,15,4,1621,6,342,1,15,44,8
0,Tennessee Titans,oti,28,1,0,17,1,1,1,1,0,226,29,19,4,238,6,23,36,0,149,15,5,1979,2,375,1,53,12,8
0,Jacksonville Jaguars,jax,20,1,0,20,0,0,2,2,1,271,32,24,1,292,6,10,30,0,106,13,6,2056,3,377,3,72,21,8
0,Pittsburgh Steelers,pit,10,0,1,17,2,0,2,0,2,191,43,25,1,211,6,20,18,0,70,12,3,1544,3,261,2,52,20,8
0,Philadelphia Eagles,phi,38,1,0,21,1,1,2,2,0,315,38,29,4,319,3,31,22,1,59,13,8,1711,2,374,2,14,4,8
0,Washington Commanders,was,31,0,1,26,3,0,1,0,1,388,52,39,4,397,7,38,16,0,84,12,7,1889,1,472,1,79,9,8
0,Cleveland Browns,cle,20,0,1,23,1,0,1,1,2,230,32,16,1,257,4,24,40,1,155,15,6,2200,3,385,3,25,27,8
0,Seattle Seahawks,sea,24,1,0,17,1,1,1,0,2,248,37,23,2,254,7,20,17,1,114,12,4,1400,1,362,2,43,6,8
0,Baltimore Ravens,rav,31,1,0,21,0,0,1,0,0,138,27,18,1,157,6,24,29,3,130,11,4,1779,4,268,0,45,19,8
0,Arizona Cardinals,crd,24,0,1,22,2,0,1,0,2,181,37,25,2,208,6,31,32,1,129,12,5,1821,2,310,2,70,27,8
0,Kansas City Chiefs,kan,9,0,1,18,3,1,3,3,2,212,38,24,0,240,5,24,16,0,62,10,3,1573,3,274,5,38,28,8
0,Denver Broncos,den,24,1,0,19,1,0,2,1,0,87,19,12,3,114,6,9,40,0,153,14,6,2027,6,240,1,35,27,8
0,Cincinnati Bengals,cin,31,1,0,29,0,0,2,1,0,266,32,28,3,283,1,17,27,1,134,8,3,1883,3,400,1,15,17,8
0,San Francisco 49ers,sfo,17,0,1,24,0,0,1,1,2,347,31,22,1,365,5,31,23,1,113,9,5,1717,2,460,3,54,18,8
0,Chicago Bears,chi,13,0,1,17,4,1,1,0,2,222,37,25,0,232,7,30,25,2,73,14,6,1712,1,295,2,53,10,8
0,Los Angeles Chargers,sdg,30,1,0,20,1,0,1,1,0,298,40,31,3,298,2,13,25,0,54,13,7,1888,0,352,1,15,0,8
0,Las Vegas Raiders,rai,14,0,1,12,3,0,1,0,1,77,21,10,0,126,4,26,18,1,80,9,1,1227,6,157,1,40,49,8
0,Detroit Lions,det,26,1,0,29,1,1,2,2,1,264,37,26,1,272,5,14,43,1,222,14,6,2373,1,486,3,55,8,8
0,Tennessee Titans,oti,16,0,1,23,2,1,0,0,1,235,39,22,0,262,7,20,25,1,105,13,3,1869,4,340,1,51,27,9
0,Pittsburgh Steelers,pit,20,1,0,22,0,0,0,0,0,160,30,19,1,160,10,16,30,1,166,12,6,1731,0,326,0,80,0,9
0,Miami Dolphins,mia,14,0,1,20,1,0,3,1,0,175,34,21,1,193,6,21,21,1,117,12,3,1824,3,292,1,45,18,9
0,Kansas City Chiefs,kan,21,1,0,16,0,0,1,1,0,174,30,20,2,185,9,14,24,0,93,10,3,1776,2,267,1,69,11,9
0,Minnesota Vikings,min,31,1,0,23,1,1,3,2,0,217,36,25,2,236,1,28,33,1,146,16,7,1892,4,363,2,4,19,9
0,Atlanta Falcons,atl,28,0,1,18,0,0,1,1,1,260,38,21,1,268,8,31,28,1,110,18,10,1708,1,370,2,62,8,9
0,Arizona Cardinals,crd,0,0,1,7,1,0,1,1,2,17,20,11,0,58,4,27,21,0,41,12,1,1415,7,58,3,40,41,9
0,Cleveland Browns,cle,27,1,0,17,2,1,0,0,0,213,30,19,2,219,6,0,40,1,113,17,6,2185,1,326,0,65,6,9
0,Los Angeles Rams,ram,3,0,1,10,2,0,2,1,1,119,28,13,0,130,5,20,26,0,68,14,5,1484,1,187,2,36,11,9
0,Green Bay Packers,gnb,20,1,0,21,1,1,3,2,0,207,26,20,1,228,8,3,38,1,184,14,7,2116,4,391,2,57,21,9
0,Tampa Bay Buccaneers,tam,37,0,1,21,2,2,2,1,0,251,30,21,2,265,9,39,31,2,81,13,3,1880,2,332,1,90,14,9
0,Houston Texans,htx,39,1,0,26,1,1,2,1,0,443,42,30,5,470,9,37,17,0,53,11,3,1720,3,496,1,115,27,9
0,Chicago Bears,chi,17,0,1,20,1,1,3,2,3,212,30,18,2,220,8,24,32,0,156,12,6,1840,2,368,5,71,8,9
0,New Orleans Saints,nor,24,1,0,18,1,0,0,0,0,214,35,26,3,214,1,17,27,0,87,14,7,1760,0,301,0,5,0,9
0,Washington Commanders,was,20,1,0,23,0,0,1,1,1,308,45,29,1,325,4,17,29,1,124,17,9,2230,3,432,2,30,17,9
0,New England Patriots,nwe,17,0,1,18,2,1,0,0,1,220,44,24,1,220,4,20,19,1,107,12,3,1370,0,327,1,30,0,9
0,Seattle Seahawks,sea,3,0,1,6,1,0,1,1,1,123,28,13,0,157,5,37,15,0,28,12,1,1196,4,151,2,29,34,9
0,Baltimore Ravens,rav,37,1,0,29,2,1,3,2,0,217,33,26,1,225,3,3,41,3,298,13,6,2404,1,515,2,11,8,9
0,Indianapolis Colts,clt,27,1,0,17,0,0,1,1,0,120,26,17,1,127,5,13,30,0,78,13,4,1731,1,198,1,25,7,9
0,Carolina Panthers,car,13,0,1,17,3,2,1,0,3,137,39,24,1,173,10,27,28,0,138,16,7,1869,4,275,3,81,36,9
0,Dallas Cowboys,dal,23,0,1,27,5,3,2,1,0,333,44,29,3,374,10,28,21,0,73,15,6,1782,5,406,1,83,41,9
0,Philadelphia Eagles,phi,28,1,0,20,2,2,3,0,0,183,23,17,2,207,10,23,33,2,109,14,7,1818,3,292,0,98,24,9
0,New York Giants,nyg,6,0,1,15,5,1,1,0,2,154,29,19,1,200,3,30,25,0,123,12,3,1864,8,277,2,8,46,9
0,Las Vegas Raiders,rai,30,1,0,15,1,0,0,0,0,209,25,16,0,209,4,6,34,3,125,14,5,1736,0,334,0,30,0,9
0,Buffalo Bills,buf,18,0,1,21,0,0,1,1,1,249,38,26,1,258,5,24,16,1,68,12,7,1402,1,317,2,49,9,9
0,Cincinnati Bengals,cin,24,1,0,23,2,1,0,0,0,343,44,31,2,348,6,18,22,1,54,15,8,2198,1,397,0,49,5,9
0,Los Angeles Chargers,sdg,27,1,0,14,0,0,3,0,0,107,30,16,0,136,4,6,21,2,84,16,7,1533,5,191,0,39,29,9
0,New York Jets,nyj,6,0,1,17,4,3,4,3,0,206,49,33,0,263,8,27,20,0,64,17,3,2067,8,270,3,40,57,9
0,Carolina Panthers,car,13,0,1,12,3,3,1,0,0,170,38,21,0,185,5,16,16,0,43,15,3,1589,3,213,0,45,15,10
0,Chicago Bears,chi,16,1,0,21,1,1,0,0,0,162,33,20,0,162,7,13,37,1,133,15,6,2011,0,295,0,44,0,10
0,Indianapolis Colts,clt,10,1,0,14,2,2,0,0,1,194,28,18,0,194,4,6,26,1,70,13,5,1535,0,264,1,34,0,10
0,New England Patriots,nwe,6,0,1,21,1,1,1,0,2,173,27,18,0,195,5,10,36,0,167,14,6,2065,5,340,2,34,22,10
0,Houston Texans,htx,30,1,0,28,1,0,2,2,1,356,39,23,1,356,7,27,34,2,188,13,4,1890,1,544,3,50,0,10
0,Cincinnati Bengals,cin,27,0,1,20,1,1,1,0,2,314,40,27,2,347,4,30,16,1,66,14,6,1710,4,380,2,63,33,10
0,San Francisco 49ers,sfo,34,1,0,20,2,1,0,0,0,293,28,20,3,302,7,3,30,1,144,12,4,1991,2,437,0,90,9,10
0,Jacksonville Jaguars,jax,3,0,1,12,1,0,2,2,2,162,32,18,0,190,5,34,17,0,59,12,4,1609,5,221,4,39,28,10
0,New Orleans Saints,nor,19,0,1,16,2,2,1,0,2,215,43,26,2,232,9,27,15,0,65,14,4,1614,3,280,2,74,17,10
0,Minnesota Vikings,min,27,1,0,23,0,0,0,0,0,263,34,23,1,268,5,19,33,2,125,15,6,1986,1,388,0,35,5,10
0,Green Bay Packers,gnb,19,0,1,17,2,2,2,0,2,283,40,21,2,289,5,23,24,0,116,16,8,1767,1,399,2,32,6,10
0,Pittsburgh Steelers,pit,23,1,0,21,1,1,0,0,0,119,23,14,0,126,3,19,36,2,205,13,4,1833,1,324,0,27,7,10
0,Cleveland Browns,cle,33,1,0,24,2,1,2,1,1,195,35,20,1,213,10,31,36,1,178,16,8,2055,4,373,2,55,18,10
0,Baltimore Ravens,rav,31,0,1,17,0,0,0,0,2,200,23,13,1,223,7,33,24,2,106,8,2,1545,3,306,2,64,23,10
0,Tennessee Titans,oti,6,0,1,14,2,0,0,0,1,167,39,19,0,199,5,20,16,0,42,15,6,1700,4,209,1,35,32,10
0,Tampa Bay Buccaneers,tam,20,1,0,19,0,0,1,0,1,263,29,18,2,278,7,6,29,0,77,15,7,1900,3,340,1,50,15,10
0,Atlanta Falcons,atl,23,0,1,20,2,1,0,0,0,70,21,12,1,94,4,25,41,2,184,14,7,1902,3,254,0,43,24,10
0,Arizona Cardinals,crd,25,1,0,20,1,1,0,0,1,230,32,19,0,249,11,23,26,2,122,11,3,1698,2,352,1,112,19,10
0,Detroit Lions,det,41,1,0,23,5,4,0,0,0,333,33,23,2,333,4,38,31,3,200,13,4,1834,0,533,0,44,0,10
0,Los Angeles Chargers,sdg,38,0,1,24,3,3,0,0,1,323,40,27,4,323,3,41,28,1,98,14,7,1766,0,421,1,36,0,10
0,New York Giants,nyg,17,0,1,16,3,2,0,0,1,61,27,14,2,86,2,49,23,0,111,12,0,1359,5,172,1,5,25,10
0,Dallas Cowboys,dal,49,1,0,32,2,1,0,0,2,472,44,33,4,472,9,17,33,3,168,12,6,2241,0,640,2,83,0,10
0,Washington Commanders,was,26,0,1,16,1,1,1,1,0,288,44,29,3,312,6,29,14,0,68,15,7,1773,3,356,1,39,24,10
0,Seattle Seahawks,sea,29,1,0,27,1,1,0,0,0,369,47,31,2,369,8,26,26,0,120,14,4,1827,1,489,0,50,0,10
0,New York Jets,nyj,12,0,1,14,0,0,1,0,1,257,40,23,0,263,8,16,21,0,108,16,7,1782,2,365,1,83,6,10
0,Las Vegas Raiders,rai,16,1,0,15,2,2,3,1,1,126,27,16,1,153,3,12,32,0,148,15,5,1818,3,274,2,25,27,10
0,Denver Broncos,den,24,1,0,19,1,1,1,1,0,178,29,24,2,193,10,22,38,0,122,19,8,2241,4,300,1,61,15,10
0,Buffalo Bills,buf,22,0,1,18,1,0,3,2,2,177,26,15,1,177,5,24,26,2,192,8,3,1359,0,369,4,63,0,10
